KO69R5975,RV87TIY76692,KO
AO13W1028,RR73DWB65452,AO
GF84U4130,KW50MJG67260,GF
KO64Z6868,QW79CHL42244,KO
KO87M8492,DO24BCW15511,KO
NE55G3669,PD45WOT56494,NE
AO19M3646,BM25PHF40639,AO
OO26V4144,XV40HUQ04740,OO
NE80E5551,VX68BAR38623,NE
GF51E2190,EN26OAB52983,GF
KO53F1683,MQ65WJJ60020,KO
AO19H6549,OC94ASJ72024,AO
KO38E3788,ED51EWW52190,KO
EG76E0993,VL67TFO75321,EG
AO69I5108,HT62RDI04611,AO
MR39O1247,IZ65WAT29135,MR
OO68H9901,WG11QVY31890,OO
MR58R4385,QN23UHH39091,MR
NE66B0405,NY14GZR94632,NE
AO31K4646,SU00RDZ36214,AO
GF61W4412,LM86GYO69819,GF
OO01A7197,AY38OQF67603,OO
MR36J6829,QH15HWX24570,MR
NE74M6592,NO82BAX82566,NE
GF64H7689,BY85QGR11636,GF
GF94Q2036,MA30QLI76818,GF
GF52T0389,XF28DGK65250,GF
MR56E8319,KF48RSD79865,MR
EG79G1284,TZ48CCW54765,EG
AO49I8807,YL27IFD65117,AO
EG23G6966,EC02LZC49528,EG
NE31Q7933,EV77EDV52985,NE
EG05B7264,IW53OQE31439,EG
GF26N8608,QN12NTR81378,GF
OO41Q9202,RK48BOP88344,OO
OO29X6651,EE22TMX10817,OO
AO88V0724,SY96JDQ97089,AO
MR30M7731,HA82SCK64299,MR
AO94O1451,BZ76ROL87339,AO
MR55V8401,EZ65FLV39493,MR
GF62J1185,MP14WFM40909,GF
GF96B8067,CP56DAO45598,GF
AO27P4628,LG64ARC91224,AO
NE71H2256,NZ35XLQ89678,NE
OO14E0167,AT19HLV57173,OO
NE74M0871,QP02SYE47964,NE
MR93N1400,HR53SRO94328,MR
GF84T8932,PF04UCA93312,GF
EG36L0177,TE24LCO18661,EG
MR26E3126,QO68DIC93032,MR
MR06V9056,RR98KQE80731,MR
GF26E1328,UF84JOS00561,GF
MR63V2295,XV91YMP27722,MR
MR72G8045,HE38BQH01623,MR
KO80I5938,QO77TFN61853,KO
KO95P1306,JO50FSF60755,KO
OO59B1482,VJ92OYV94295,OO
EG74B6896,DW44ZOO26361,EG
EG56V3913,CR31GMR97972,EG
EG47I2811,XE59BZM26378,EG
NE66N5124,PM58XHX45588,NE
KO37T8485,FL13UMN92207,KO
MR57I0349,UA13YTK28483,MR
NE91T5473,EG95RTB75032,NE
GF17K5976,SL09NOT64494,GF
GF87C4626,IO09FGE68100,GF
NE97X0282,OY94SZK34436,NE
OO67L7721,BK77KNV91142,OO
KO91P5387,ZY93PCY41868,KO
AO12K0807,MX39VOS38645,AO
NE61X5911,JV67MTI17124,NE
EG87C3789,MU06LHX94338,EG
NE43B7275,FY47TUN40300,NE
NE09V3603,UP28MBM38391,NE
KO58G5356,YH66OKD41942,KO
OO20E8329,QX75YWC61835,OO
KO57Z7727,IX01MVL33676,KO
GF52G9102,WU78BMX13511,GF
KO44J2006,WY00MLL63827,KO
EG47U1656,IN99SEN20660,EG
OO58I4183,EM54HQI58682,OO
GF85Z5553,CK97FAU13897,GF
EG13U6715,JD78PQD35395,EG
KO75W9528,UO75YNW62238,KO
OO65G9691,IC95TLY24827,OO
NE83K9493,IA29IQS63679,NE
OO43C8099,QR03XCJ37459,OO
EG52J0268,QU94IGC75528,EG
OO49W8536,JF94VYA88954,OO
GF48M7092,JE65QJK64802,GF
GF85R2347,YX66XYW62640,GF
MR98F8272,BI87HYL81972,MR
KO82C5500,HW75BKT77773,KO
KO72G8546,KB55KTM48860,KO
OO85U6024,LC72NRN52084,OO
AO87S8322,DV04FQL29609,AO
EG87N4472,CM15YCB60994,EG
AO11L5271,DP11ENT03275,AO
EG00X1873,TV81MAQ99005,EG
AO18S3731,PE73VJU23485,AO
